                  epoch,         train/box_loss,         train/cls_loss,         train/dfl_loss,   metrics/precision(B),      metrics/recall(B),       metrics/mAP50(B),    metrics/mAP50-95(B),           val/box_loss,           val/cls_loss,           val/dfl_loss,                 lr/pg0,                 lr/pg1,                 lr/pg2
                      1,                 3.4748,                 3.9621,                 4.1173,                0.00077,                0.17134,                0.00607,                 0.0017,                 3.5106,                 3.7681,                 3.9301,               0.070291,               0.003301,               0.003301
                      2,                 3.1939,                  3.436,                 3.6175,                0.30187,                0.04665,                0.01749,                0.00532,                  2.973,                 3.8573,                 3.4997,               0.040269,              0.0066124,              0.0066124
