                  epoch,         train/box_loss,         train/cls_loss,         train/dfl_loss,   metrics/precision(B),      metrics/recall(B),       metrics/mAP50(B),    metrics/mAP50-95(B),           val/box_loss,           val/cls_loss,           val/dfl_loss,                 lr/pg0,                 lr/pg1,                 lr/pg2
                      1,                 3.4726,                 3.9825,                 4.1177,                0.00079,                0.17134,                0.00461,                0.00143,                 3.5043,                 3.8042,                 3.9309,               0.070291,               0.003301,               0.003301
                      2,                 3.1945,                 3.4555,                 3.6413,                0.55763,                0.04243,                0.02834,                0.00779,                 2.9756,                 4.2383,                 3.4526,               0.040269,              0.0066124,              0.0066124
