                  epoch,         train/box_loss,         train/cls_loss,         train/dfl_loss,   metrics/precision(B),      metrics/recall(B),       metrics/mAP50(B),    metrics/mAP50-95(B),           val/box_loss,           val/cls_loss,           val/dfl_loss,                 lr/pg0,                 lr/pg1,                 lr/pg2
                      1,                 3.4838,                  3.994,                 4.1449,                0.00077,                0.17134,                0.00552,                0.00154,                 3.5091,                 3.7977,                 3.9644,               0.070291,               0.003301,               0.003301
                      2,                 3.1967,                 3.4402,                 3.6553,                0.29571,                0.05385,                0.02962,                0.00879,                 3.0496,                 3.6736,                 4.0052,               0.040269,              0.0066124,              0.0066124
